{"cameraMode":{"drawMode":0,"name":"Shaded","section":"Shading Mode"},"sceneLighting":false,"audioPlay":false,"sceneViewState":{"showFog":true,"showMaterialUpdate":false,"showSkybox":true,"showFlares":true,"showImageEffects":true,"showParticleSystems":true},"in2DMode":false,"pivot":{"x":333.4221496582031,"y":32.3739013671875,"z":-0.8962619304656982},"rotation":{"x":0.08235038816928864,"y":0.648727536201477,"z":-0.07092564553022385,"w":0.7532225251197815},"size":-3.588068962097168,"orthographic":false}