{"cameraMode":{"drawMode":0,"name":"Shaded","section":"Shading Mode"},"sceneLighting":false,"audioPlay":false,"sceneViewState":{"showFog":true,"showMaterialUpdate":false,"showSkybox":true,"showFlares":true,"showImageEffects":true,"showParticleSystems":true},"in2DMode":false,"pivot":{"x":-24.01300048828125,"y":1.7999999523162842,"z":0.06000000238418579},"rotation":{"x":0.18049517273902894,"y":-0.010327341966331005,"z":0.0018952704267576337,"w":0.9835200309753418},"size":0.42868417501449587,"orthographic":false}